{
  "trials": [
    {
      "trial": 0,
      "stage": "single",
      "n_features": 14,
      "mae": 2.423277437039066
    },
    {
      "trial": 1,
      "stage": "single",
      "n_features": 9,
      "mae": 3.280372932565669
    }
  ],
  "best_trial": 0,
  "best_mae": 2.423277437039066,
  "total_trials": 2
}