season,mae
2016,1.5868702675000002
2017,1.26439610625
2018,1.6673848892307692
2019,1.50793496835443
2020,1.3987046644067798
2021,1.5530216164556965
2022,1.1511085617283952
2023,1.450767331707317
2024,1.1721830220779221
2025,1.3095944358974356
2026,3.189855662068965
