season,mae
0,6.5687421100000005
2025,2.372288107575758
2026,4.002346427312479
