season,mae
2016,1.2855179480519483
2017,1.233659260869565
2018,1.412167092727273
2019,1.5494975282191783
2020,1.3962718982758624
2021,1.437459098809524
2022,1.2217898509722223
2023,1.679870024418605
2024,1.5148883626506027
2025,1.377498360465116
2026,3.007873898235294
