season,mae
2016,1.64342205375
2017,1.206286678125
2018,1.6350626446153844
2019,1.5720920189873417
2020,1.3318074118644068
2021,1.5589581620253163
2022,1.216658624691358
2023,1.4697564243902441
2024,1.1394571766233768
2025,1.230061041025641
2026,3.366609341379311
